id,code,campus_id
381,S219,1
396,S213,1
1536,D005,1
810,N505,1
289,D208,1
377,S207,1
123,N116,1
101,N117,1
102,N118,1
117,N119,1
116,N120,1
200,N202,1
197,N203,1
198,N204,1
124,R101,1
91,M110,1
191,N207,1
192,N208,1
193,N209,1
194,N210,1
537,N302,1
532,N303,1
533,N304,1
534,N305,1
535,N306,1
138,R107,1
1647,S007,1
1439,F101,1
157,S105,1
87,M106,1
388,S211,1
25,A105,1
26,A106,1
27,A107,1
28,A108,1
21,A109,1
22,A110,1
20,A111,1
19,A112,1
18,A113,1
17,A114,1
23,A115,1
246,A201,1
248,A202,1
247,A203,1
3487,A210,1
1534,D009,1
252,A204,1
249,A205,1
250,A206,1
251,A207,1
244,A208,1
245,A209,1
400,A301,1
405,A302,1
404,A303,1
409,A304,1
406,A305,1
407,A306,1
408,A307,1
401,A308,1
1540,D001,1
1541,D002,1
1542,D003,1
1535,D004,1
1537,D006,1
16,A102,1
24,A103,1
29,A104,1
1539,D008,1
57,D101,1
59,D102,1
56,D103,1
55,D104,1
62,D105,1
54,D106,1
1060,D603,1
58,D107,1
53,D108,1
52,D109,1
293,D201,1
295,D202,1
292,D203,1
291,D204,1
297,D205,1
290,D206,1
294,D207,1
288,D209,1
281,D210,1
282,D211,1
283,D212,1
488,D314,1
487,D315,1
486,D316,1
530,N301,1
478,D317,1
473,D318,1
989,S657,1
262,G216,1
1538,D007,1
474,D319,1
1077,D612,1
476,D321,1
477,D322,1
641,D401,1
640,D402,1
645,D403,1
646,D404,1
639,D405,1
635,D406,1
638,D407,1
644,D408,1
647,D409,1
643,D410,1
634,D411,1
628,D412,1
629,D413,1
630,D414,1
631,D415,1
633,D416,1
632,D417,1
642,D418,1
838,D501,1
842,D502,1
837,D503,1
833,D504,1
284,D213,1
285,D214,1
836,D505,1
841,D506,1
840,D507,1
832,D508,1
825,D509,1
827,D510,1
826,D511,1
828,D512,1
829,D513,1
831,D514,1
830,D515,1
839,D516,1
1058,D601,1
1059,D602,1
1061,D604,1
1057,D605,1
1062,D606,1
1063,D607,1
1056,D608,1
1079,D609,1
1080,D610,1
1078,D611,1
1076,D613,1
1075,D614,1
1074,D615,1
1072,D616,1
1073,D617,1
286,D215,1
1066,D618,1
1071,D619,1
1070,D620,1
1069,D621,1
1068,D622,1
1067,D623,1
1051,D624,1
1052,D625,1
1065,D626,1
1053,D627,1
1064,D628,1
1185,D701,1
1184,D703,1
1165,D704,1
1181,D705,1
1182,D706,1
1180,D707,1
1179,D708,1
1178,D709,1
1177,D710,1
1176,D711,1
1175,D712,1
1173,D713,1
1174,D714,1
1167,D715,1
1166,D716,1
1172,D717,1
1171,D718,1
1170,D719,1
1168,D720,1
1169,D721,1
1191,D722,1
1186,D723,1
1187,D724,1
1189,D725,1
1188,D726,1
1190,D727,1
1441,F201,1
1442,F301,1
1543,G001,1
1544,G002,1
1547,G003,1
1551,G005,1
1545,G006,1
1553,G007,1
1555,G008,1
1548,G009,1
1549,G010,1
1552,G011,1
61,G101,1
60,G102,1
40,G103,1
45,G104,1
41,G105,1
44,G106,1
42,G107,1
47,G108,1
256,G221,1
46,G109,1
48,G110,1
31,G111,1
30,G112,1
49,G113,1
34,G114,1
39,G115,1
38,G116,1
36,G117,1
37,G118,1
35,G119,1
33,G120,1
32,G121,1
199,N205,1
266,G201,1
264,G202,1
265,G203,1
269,G204,1
267,G205,1
268,G206,1
271,G207,1
270,G208,1
274,G209,1
254,G210,1
275,G211,1
253,G212,1
278,G213,1
258,G214,1
263,G215,1
260,G217,1
261,G218,1
259,G219,1
257,G220,1
255,G222,1
375,S208,1
423,G301,1
421,G302,1
422,G303,1
426,G304,1
424,G305,1
425,G306,1
428,G307,1
427,G308,1
431,G309,1
411,G310,1
432,G311,1
410,G312,1
435,G313,1
415,G314,1
420,G315,1
419,G316,1
417,G317,1
418,G318,1
416,G319,1
414,G320,1
413,G321,1
412,G322,1
637,G401,1
636,G402,1
658,G403,1
661,G404,1
659,G405,1
660,G406,1
663,G407,1
664,G408,1
662,G409,1
665,G410,1
397,S212,1
666,G411,1
648,G412,1
667,G413,1
668,G414,1
652,G415,1
657,G416,1
656,G417,1
654,G418,1
655,G419,1
653,G420,1
651,G421,1
650,G422,1
649,G423,1
835,G501,1
834,G502,1
857,G504,1
855,G505,1
856,G506,1
859,G507,1
860,G508,1
858,G509,1
861,G510,1
862,G511,1
844,G512,1
848,G513,1
849,G514,1
854,G515,1
853,G516,1
851,G517,1
852,G518,1
850,G519,1
847,G520,1
846,G521,1
1094,R601,1
845,G522,1
1055,G601,1
1054,G602,1
968,G603,1
969,G604,1
972,G605,1
970,G606,1
971,G607,1
975,G608,1
976,G609,1
973,G610,1
974,G611,1
977,G612,1
980,G613,1
1193,G701,1
1192,G702,1
1208,G703,1
1209,G704,1
1212,G705,1
1213,G706,1
1214,G707,1
1216,G708,1
1217,G709,1
1210,G710,1
1219,G711,1
1215,G712,1
1220,G713,1
1221,G714,1
1211,G715,1
1218,G716,1
1222,G717,1
1197,G718,1
1205,G719,1
133,R102,1
128,R103,1
127,R104,1
137,R106,1
141,R108,1
139,R109,1
130,R110,1
142,R111,1
1204,G720,1
1203,G721,1
1202,G722,1
1200,G723,1
1201,G724,1
1199,G725,1
1198,G726,1
132,R112,1
1196,G727,1
1195,G728,1
1194,G729,1
126,R113,1
140,R105,1
1206,G730,1
1207,G731,1
1559,K001,1
1558,K002,1
1560,K003,1
1561,K004,1
1562,K005,1
1557,K006,1
1556,K007,1
73,K101,1
74,K102,1
76,K103,1
77,K104,1
63,K105,1
64,K106,1
65,K107,1
75,K108,1
67,K110,1
66,K111,1
72,K112,1
70,K113,1
71,K114,1
69,K115,1
333,K201,1
329,K202,1
328,K203,1
327,K204,1
326,K205,1
325,K206,1
324,K207,1
322,K208,1
318,K209,1
331,K210,1
321,K212,1
320,K213,1
319,K214,1
332,K215,1
330,K216,1
323,K217,1
457,K301,1
458,K302,1
459,K303,1
470,K304,1
469,K305,1
468,K306,1
467,K307,1
466,K308,1
465,K309,1
464,K310,1
460,K311,1
471,K312,1
462,K314,1
461,K315,1
683,K401,1
681,K402,1
680,K403,1
682,K404,1
674,K405,1
669,K406,1
670,K407,1
671,K408,1
673,K409,1
672,K410,1
684,K411,1
686,K412,1
685,K413,1
676,K415,1
677,K416,1
678,K417,1
679,K418,1
874,K501,1
875,K502,1
876,K503,1
868,K504,1
865,K505,1
866,K506,1
867,K507,1
877,K508,1
879,K509,1
878,K510,1
870,K512,1
871,K513,1
872,K514,1
873,K515,1
1583,L001,1
1587,L002,1
1585,L003,1
2,L101,1
4,L102,1
3,L103,1
9,L104,1
8,L105,1
11,L106,1
7,L107,1
14,L108,1
10,L109,1
6,L111,1
5,L112,1
1,L113,1
306,L201,1
310,L202,1
309,L203,1
308,L204,1
307,L205,1
313,L206,1
314,L207,1
312,L208,1
316,L209,1
311,L210,1
315,L211,1
304,L212,1
305,L213,1
302,L214,1
301,L215,1
303,L216,1
300,L217,1
299,L218,1
298,L219,1
444,L301,1
447,L302,1
448,L303,1
449,L304,1
445,L305,1
446,L306,1
452,L307,1
451,L308,1
456,L309,1
450,L310,1
453,L311,1
454,L312,1
455,L313,1
442,L314,1
441,L315,1
443,L316,1
440,L317,1
439,L318,1
438,L319,1
694,L401,1
693,L402,1
692,L403,1
691,L404,1
690,L405,1
689,L406,1
688,L407,1
687,L408,1
705,L409,1
704,L410,1
706,L411,1
695,L412,1
696,L413,1
703,L414,1
697,L415,1
700,L416,1
701,L417,1
702,L418,1
125,R114,1
946,L502,1
955,L504,1
948,L505,1
949,L506,1
954,L507,1
950,L508,1
952,L509,1
951,L510,1
953,L511,1
1604,M001,1
1606,M002,1
1605,M003,1
1603,M004,1
1612,M005,1
1607,M006,1
1610,M007,1
1609,M008,1
98,M101,1
97,M102,1
96,M103,1
95,M104,1
94,M105,1
89,M108,1
88,M107,1
90,M109,1
93,M112,1
84,M113,1
82,M114,1
81,M115,1
83,M116,1
86,M117,1
85,M118,1
99,M119,1
100,M120,1
80,M121,1
79,M122,1
78,M123,1
226,M201,1
225,M202,1
224,M203,1
223,M204,1
216,M205,1
218,M206,1
217,M207,1
219,M208,1
235,M209,1
237,M210,1
238,M211,1
236,M212,1
221,M213,1
231,M214,1
234,M215,1
222,M216,1
228,M217,1
230,M218,1
220,M219,1
227,M220,1
240,M221,1
239,M222,1
592,M301,1
591,M302,1
590,M303,1
589,M304,1
579,M305,1
582,M306,1
581,M307,1
583,M308,1
599,M309,1
601,M310,1
602,M311,1
600,M312,1
585,M313,1
595,M314,1
598,M315,1
586,M316,1
594,M317,1
580,M318,1
584,M319,1
593,M320,1
587,M321,1
588,M322,1
790,M401,1
789,M402,1
788,M403,1
787,M404,1
781,M405,1
784,M406,1
783,M407,1
798,M408,1
797,M409,1
800,M410,1
799,M411,1
287,D216,1
479,D301,1
481,D302,1
480,D303,1
482,D304,1
483,D305,1
195,N201,1
484,D306,1
485,D307,1
472,D308,1
493,D309,1
492,D310,1
491,D311,1
490,D312,1
489,D313,1
966,G622,1
967,G621,1
475,D320,1
1183,D702,1
1546,G004,1
843,G503,1
979,G614,1
978,G615,1
958,G616,1
981,G617,1
982,G618,1
957,G619,1
962,G620,1
964,G623,1
965,G624,1
963,G625,1
961,G626,1
960,G627,1
785,M412,1
959,G628,1
956,L501,1
92,M111,1
793,M413,1
796,M414,1
795,M415,1
792,M416,1
782,M417,1
791,M418,1
786,M419,1
536,N307,1
542,N308,1
541,N309,1
548,R309,1
540,N310,1
526,N311,1
527,N312,1
361,S203,1
398,S204,1
528,N313,1
529,N314,1
104,N101,1
201,N206,1
611,N404,1
114,N102,1
118,N103,1
120,N104,1
112,N105,1
111,N106,1
110,N107,1
109,N108,1
115,N109,1
107,N110,1
108,N111,1
106,N112,1
105,N113,1
121,N114,1
122,N115,1
607,N401,1
609,N402,1
610,N403,1
612,N405,1
613,N406,1
616,N407,1
615,N408,1
614,N409,1
603,N410,1
604,N411,1
605,N412,1
606,N413,1
801,N501,1
807,N502,1
808,N503,1
809,N504,1
811,N506,1
814,N507,1
813,N508,1
812,N509,1
802,N510,1
803,N511,1
804,N512,1
805,N513,1
129,R115,1
131,R116,1
135,R117,1
136,R118,1
134,R119,1
344,R201,1
335,R202,1
336,R203,1
348,R204,1
349,R205,1
345,R206,1
346,R207,1
347,R208,1
350,R209,1
341,R210,1
342,R211,1
343,R212,1
339,R213,1
338,R214,1
340,R215,1
334,R216,1
337,R217,1
552,R301,1
543,R302,1
544,R303,1
551,R304,1
550,R305,1
545,R306,1
546,R307,1
547,R308,1
549,R310,1
1086,R611,1
626,R401,1
617,R402,1
618,R403,1
625,R404,1
624,R405,1
619,R406,1
620,R407,1
621,R408,1
622,R409,1
623,R410,1
816,R501,1
817,R502,1
823,R503,1
818,R504,1
819,R505,1
820,R506,1
821,R507,1
822,R508,1
1095,R602,1
1096,R603,1
1093,R604,1
1088,R605,1
1089,R606,1
1092,R607,1
1090,R608,1
1091,R609,1
1087,R610,1
1081,R612,1
1082,R613,1
1083,R614,1
1084,R615,1
1085,R616,1
1631,S001,1
1616,S002,1
1399,S1005,1
1617,S003,1
1634,S004,1
1628,S005,1
1635,S006,1
1648,S008,1
1636,S009,1
1646,S010,1
1645,S011,1
1390,S1017,1
1397,S1018,1
1630,S012,1
1629,S013,1
1641,S014,1
1649,S015,1
1627,S016,1
1395,S1001,1
1381,S1002,1
1367,S1003,1
1382,S1004,1
1373,S1006,1
1374,S1007,1
1379,S1008,1
1396,S1009,1
154,S101,1
1377,S1010,1
1383,S1011,1
1400,S1012,1
1380,S1013,1
1368,S1014,1
1387,S1015,1
1388,S1016,1
1398,S1019,1
147,S102,1
1402,S1020,1
1401,S1021,1
1403,S1022,1
1404,S1023,1
1389,S1024,1
1394,S1025,1
1393,S1026,1
1362,S1027,1
1372,S1028,1
1364,S1029,1
143,S103,1
1365,S1030,1
1385,S1031,1
1376,S1032,1
1378,S1033,1
1386,S1034,1
1375,S1035,1
1384,S1036,1
1369,S1037,1
1366,S1038,1
1363,S1039,1
155,S104,1
1371,S1040,1
1370,S1041,1
1392,S1042,1
1391,S1043,1
144,S106,1
146,S107,1
156,S108,1
150,S109,1
153,S110,1
151,S111,1
149,S112,1
152,S113,1
145,S114,1
148,S115,1
393,S201,1
395,S202,1
394,S205,1
384,S210,1
371,S206,1
365,S231,1
372,S227,1
520,S301,1
521,S302,1
497,S303,1
518,S332,1
370,S226,1
366,S224,1
382,S209,1
392,S222,1
363,S228,1
352,S214,1
351,S215,1
353,S216,1
354,S217,1
386,S218,1
387,S221,1
355,S223,1
379,S225,1
360,S229,1
356,S230,1
383,S220,1
523,S304,1
502,S305,1
751,S403,1
524,S306,1
525,S307,1
505,S308,1
504,S309,1
515,S310,1
498,S311,1
511,S312,1
517,S313,1
522,S314,1
512,S315,1
508,S316,1
513,S317,1
514,S318,1
510,S319,1
516,S320,1
519,S321,1
501,S322,1
495,S323,1
496,S324,1
507,S325,1
503,S326,1
509,S327,1
506,S328,1
499,S329,1
494,S330,1
500,S331,1
749,S401,1
732,S402,1
729,S434,1
717,S404,1
753,S405,1
723,S406,1
724,S407,1
730,S408,1
750,S409,1
727,S410,1
733,S411,1
731,S412,1
715,S413,1
741,S414,1
718,S415,1
738,S416,1
740,S417,1
744,S418,1
752,S419,1
708,S420,1
707,S421,1
709,S422,1
710,S423,1
742,S424,1
737,S425,1
739,S426,1
743,S427,1
748,S428,1
747,S429,1
711,S430,1
722,S431,1
713,S432,1
714,S433,1
735,S435,1
726,S436,1
728,S437,1
736,S438,1
725,S439,1
734,S440,1
719,S441,1
716,S442,1
712,S443,1
721,S444,1
720,S445,1
746,S446,1
745,S447,1
916,S501,1
903,S502,1
918,S503,1
889,S504,1
920,S505,1
895,S506,1
896,S507,1
901,S508,1
917,S509,1
899,S510,1
904,S511,1
902,S512,1
890,S513,1
908,S514,1
909,S515,1
911,S516,1
919,S517,1
999,S607,1
881,S518,1
880,S519,1
882,S520,1
883,S521,1
910,S522,1
915,S523,1
914,S524,1
884,S525,1
894,S526,1
886,S527,1
887,S528,1
906,S529,1
898,S530,1
900,S531,1
907,S532,1
897,S533,1
905,S534,1
891,S535,1
888,S536,1
885,S537,1
893,S538,1
892,S539,1
913,S540,1
912,S541,1
1019,S601,1
1006,S602,1
1021,S603,1
991,S636,1
992,S604,1
1023,S605,1
998,S606,1
1004,S608,1
1020,S609,1
1002,S610,1
1007,S611,1
1005,S612,1
993,S613,1
1011,S614,1
1012,S615,1
1014,S616,1
1022,S617,1
984,S618,1
983,S619,1
985,S620,1
986,S621,1
1013,S622,1
1018,S623,1
1017,S624,1
987,S625,1
997,S626,1
990,S628,1
1009,S629,1
1001,S630,1
1003,S631,1
1010,S632,1
1000,S633,1
1008,S634,1
994,S635,1
988,S637,1
996,S638,1
995,S639,1
1016,S640,1
1015,S641,1
1133,S701,1
1120,S702,1
1135,S703,1
1106,S704,1
1137,S705,1
1112,S706,1
1113,S707,1
1118,S708,1
1134,S709,1
1116,S710,1
1121,S711,1
1119,S712,1
1107,S713,1
1125,S714,1
1126,S715,1
1128,S716,1
1136,S717,1
1098,S718,1
1097,S719,1
1099,S720,1
1100,S721,1
1127,S722,1
1132,S723,1
1131,S724,1
1101,S725,1
1111,S726,1
1103,S727,1
1104,S728,1
1123,S729,1
1115,S730,1
1117,S731,1
1124,S732,1
1114,S733,1
1122,S734,1
1108,S735,1
1105,S736,1
1102,S737,1
1110,S738,1
1109,S739,1
1130,S740,1
1129,S741,1
1281,S801,1
1266,S802,1
1283,S803,1
1254,S804,1
1285,S805,1
1139,T711,1
1259,S806,1
1260,S807,1
1265,S808,1
1282,S809,1
1263,S810,1
1267,S811,1
1314,S931,1
1290,S812,1
1255,S813,1
1271,S814,1
1272,S815,1
1274,S816,1
1284,S817,1
1287,S818,1
1286,S819,1
1288,S820,1
1289,S821,1
1273,S822,1
1280,S823,1
1277,S824,1
1251,S825,1
1269,S826,1
1262,S827,1
1264,S828,1
1270,S829,1
1261,S830,1
1268,S831,1
1256,S832,1
1253,S833,1
1252,S834,1
1258,S835,1
1257,S836,1
1276,S837,1
1275,S838,1
1324,S901,1
1310,S902,1
1296,S903,1
1311,S904,1
1328,S905,1
1302,S906,1
1303,S907,1
1308,S908,1
1325,S909,1
1306,S910,1
1312,S911,1
1329,S912,1
1309,S913,1
1297,S914,1
1316,S915,1
1317,S916,1
1319,S917,1
1326,S918,1
1327,S919,1
1331,S920,1
1330,S921,1
1332,S922,1
1333,S923,1
1318,S924,1
1323,S925,1
1322,S926,1
1291,S927,1
1301,S928,1
1293,S929,1
1294,S930,1
1305,S932,1
1307,S933,1
1315,S934,1
1304,S935,1
1313,S936,1
1298,S937,1
1295,S938,1
1292,S939,1
1300,S940,1
1299,S941,1
1321,S942,1
1320,S943,1
1582,T001,1
1579,T002,1
1581,T003,1
1580,T004,1
1577,T005,1
1578,T006,1
1361,T1001,1
170,T101,1
169,T102,1
168,T103,1
163,T104,1
164,T105,1
165,T106,1
166,T107,1
167,T108,1
171,T109,1
207,T201,1
206,T202,1
203,T203,1
204,T204,1
205,T205,1
202,T206,1
566,T302,1
554,T303,1
561,T304,1
558,T305,1
574,T306,1
567,T307,1
562,T308,1
563,T309,1
569,T310,1
571,T311,1
564,T312,1
572,T313,1
568,T314,1
573,T315,1
570,T316,1
575,T317,1
565,T318,1
557,T319,1
560,T320,1
555,T321,1
556,T322,1
576,T323,1
553,T324,1
766,T402,1
754,T403,1
760,T404,1
757,T405,1
778,T406,1
767,T407,1
761,T408,1
762,T409,1
771,T410,1
775,T411,1
763,T412,1
776,T413,1
769,T414,1
768,T415,1
770,T416,1
777,T417,1
774,T418,1
773,T419,1
772,T420,1
779,T421,1
765,T422,1
756,T423,1
759,T424,1
755,T425,1
764,T426,1
780,T427,1
932,T502,1
921,T503,1
927,T504,1
924,T505,1
943,T506,1
933,T507,1
928,T508,1
929,T509,1
937,T510,1
941,T511,1
935,T512,1
934,T513,1
936,T514,1
942,T515,1
940,T516,1
939,T517,1
938,T518,1
944,T519,1
931,T520,1
923,T521,1
926,T522,1
922,T523,1
930,T524,1
945,T525,1
1035,T602,1
1024,T603,1
1030,T604,1
1027,T605,1
1048,T606,1
1036,T607,1
1031,T608,1
1032,T609,1
1041,T610,1
1040,T611,1
1039,T612,1
1037,T613,1
1038,T614,1
1047,T615,1
1044,T616,1
1043,T617,1
186,Z115,1
1042,T618,1
1049,T619,1
1034,T620,1
1026,T621,1
1029,T622,1
1025,T623,1
1033,T624,1
1050,T625,1
1152,T702,1
1141,T703,1
1147,T704,1
1144,T705,1
1162,T706,1
1153,T707,1
1148,T708,1
1149,T709,1
1140,T710,1
1138,T712,1
1160,T713,1
1155,T714,1
1154,T715,1
1156,T716,1
1161,T717,1
1159,T718,1
1158,T719,1
1157,T720,1
1163,T721,1
1151,T722,1
1143,T723,1
1146,T724,1
1142,T725,1
1150,T726,1
1164,T727,1
1238,T802,1
1227,T803,1
1233,T804,1
1230,T805,1
1248,T806,1
1239,T807,1
1234,T808,1
1235,T809,1
1226,T810,1
1225,T811,1
1224,T812,1
1240,T813,1
1241,T814,1
1247,T815,1
1244,T816,1
1243,T817,1
1242,T818,1
1249,T819,1
1237,T820,1
1229,T821,1
1232,T822,1
1228,T823,1
1236,T824,1
1250,T825,1
1339,T901,1
1347,T902,1
1335,T903,1
1341,T904,1
1338,T905,1
1359,T906,1
1348,T907,1
1342,T908,1
1343,T909,1
1352,T910,1
1356,T911,1
1344,T912,1
1357,T913,1
1350,T914,1
1349,T915,1
1351,T916,1
1358,T917,1
1355,T918,1
1354,T919,1
1353,T920,1
1360,T921,1
1346,T922,1
1337,T923,1
1340,T924,1
1336,T925,1
1345,T926,1
1334,T927,1
184,Z112,1
183,Z113,1
1572,Z001,1
1573,Z002,1
1574,Z003,1
1575,Z004,1
1570,Z006,1
1563,Z007,1
1564,Z008,1
1565,Z009,1
1568,Z011,1
1569,Z012,1
188,Z101,1
175,Z102,1
176,Z103,1
177,Z104,1
178,Z105,1
189,Z106,1
182,Z107,1
181,Z108,1
180,Z109,1
179,Z110,1
174,Z111,1
185,Z114,1
173,Z116,1
172,Z117,1
214,Z201,1
213,Z202,1
215,Z203,1
577,Z301,1
578,Z302,1
15,A101,1
